filename,tilt,pan
face_33.jpg,0,0
face_2148.jpg,0,0
face_2119.jpg,0,0
face_1262.jpg,0,0
face_516.jpg,0,0
face_1530.jpg,0,0
face_464.jpg,0,0
face_1971.jpg,0,0
face_92.jpg,0,0
face_921.jpg,0,0
face_2767.jpg,0,0
face_563.jpg,0,0
face_1471.jpg,0,0
face_1513.jpg,0,0
face_1585.jpg,0,0
face_1113.jpg,0,0
face_2556.jpg,0,0
face_2226.jpg,0,0
face_819.jpg,0,0
face_1824.jpg,0,0
face_2106.jpg,0,0
face_2115.jpg,0,0
face_1606.jpg,0,0
face_547.jpg,0,0
face_733.jpg,0,0
face_2519.jpg,0,0
face_605.jpg,0,0
face_217.jpg,0,0
face_2355.jpg,0,0
face_2190.jpg,0,0
face_574.jpg,0,0
face_2635.jpg,0,0
face_740.jpg,0,0
face_985.jpg,0,0
face_944.jpg,0,0
face_2285.jpg,0,0
face_1610.jpg,0,0
face_2592.jpg,0,0
face_2684.jpg,0,0
face_1409.jpg,0,0
face_1073.jpg,0,0
face_2681.jpg,0,0
face_881.jpg,0,0
face_2112.jpg,0,0
face_1297.jpg,0,0
face_1186.jpg,0,0
face_2223.jpg,0,0
face_2763.jpg,0,0
face_648.jpg,0,0
face_1200.jpg,0,0
face_1983.jpg,0,0
face_1752.jpg,0,0
face_2180.jpg,0,0
face_1637.jpg,0,0
face_900.jpg,0,0
face_28.jpg,0,0
face_1654.jpg,0,0
face_105.jpg,0,0
face_1714.jpg,0,0
face_1359.jpg,0,0
face_721.jpg,0,0
face_1663.jpg,0,0
face_1183.jpg,0,0
face_662.jpg,0,0
face_1745.jpg,0,0
face_1947.jpg,0,0
face_2025.jpg,0,0
face_410.jpg,0,0
face_1884.jpg,0,0
face_1811.jpg,0,0
face_226.jpg,0,0
face_383.jpg,0,0
face_295.jpg,0,0
face_2238.jpg,0,0
face_2636.jpg,0,0
face_2602.jpg,0,0
face_1534.jpg,0,0
face_2328.jpg,0,0
face_2755.jpg,0,0
face_98.jpg,0,0
face_1521.jpg,0,0
face_987.jpg,0,0
face_1052.jpg,0,0
face_292.jpg,0,0
face_725.jpg,0,0
face_2350.jpg,0,0
face_497.jpg,0,0
face_2125.jpg,0,0
face_51.jpg,0,0
face_933.jpg,0,0
face_2405.jpg,0,0
face_1621.jpg,0,0
face_31.jpg,0,0
face_2207.jpg,0,0
face_1338.jpg,0,0
face_898.jpg,0,0
face_1317.jpg,0,0
face_1517.jpg,0,0
face_249.jpg,0,0
face_1411.jpg,0,0
face_2703.jpg,0,0
face_1612.jpg,0,0
face_1825.jpg,0,0
face_2346.jpg,0,0
face_736.jpg,0,0
face_1785.jpg,0,0
face_1630.jpg,0,0
face_1386.jpg,0,0
face_318.jpg,0,0
face_1800.jpg,0,0
face_1865.jpg,0,0
face_2563.jpg,0,0
face_2702.jpg,0,0
face_1554.jpg,0,0
face_1279.jpg,0,0
face_2312.jpg,0,0
face_110.jpg,0,0
face_1397.jpg,0,0
face_2512.jpg,0,0
face_2784.jpg,0,0
face_1864.jpg,0,0
face_2677.jpg,0,0
face_1875.jpg,0,0
face_2664.jpg,0,0
face_669.jpg,0,0
face_1097.jpg,0,0
face_2114.jpg,0,0
face_2055.jpg,0,0
face_2181.jpg,0,0
face_67.jpg,0,0
face_1171.jpg,0,0
face_1999.jpg,0,0
face_143.jpg,0,0
face_1997.jpg,0,0
face_2083.jpg,0,0
face_1662.jpg,0,0
face_562.jpg,0,0
face_333.jpg,0,0
face_308.jpg,0,0
face_2082.jpg,0,0
face_2642.jpg,0,0
face_1294.jpg,0,0
face_1269.jpg,0,0
face_2476.jpg,0,0
face_528.jpg,0,0
face_399.jpg,0,0
face_2218.jpg,0,0
face_1251.jpg,0,0
face_1342.jpg,0,0
face_2265.jpg,0,0
face_1783.jpg,0,0
face_765.jpg,0,0
face_155.jpg,0,0
face_340.jpg,0,0
face_1473.jpg,0,0
face_1142.jpg,0,0
face_1282.jpg,0,0
face_991.jpg,0,0
face_2499.jpg,0,0
face_1092.jpg,0,0
face_404.jpg,0,0
face_846.jpg,0,0
face_9.jpg,0,0
face_2428.jpg,0,0
face_1680.jpg,0,0
face_1961.jpg,0,0
face_2610.jpg,0,0
face_2628.jpg,0,0
face_152.jpg,0,0
face_2117.jpg,0,0
face_2295.jpg,0,0
face_2243.jpg,0,0
face_1291.jpg,0,0
face_1135.jpg,0,0
face_1144.jpg,0,0
face_1870.jpg,0,0
face_23.jpg,0,0
face_1641.jpg,0,0
face_144.jpg,0,0
face_1303.jpg,0,0
face_2184.jpg,0,0
face_548.jpg,0,0
face_2162.jpg,0,0
face_2323.jpg,0,0
face_330.jpg,0,0
face_185.jpg,0,0
face_329.jpg,0,0
face_1793.jpg,0,0
face_2335.jpg,0,0
face_2427.jpg,0,0
face_1071.jpg,0,0
face_1318.jpg,0,0
face_2380.jpg,0,0
face_72.jpg,0,0
face_1400.jpg,0,0
face_916.jpg,0,0
face_713.jpg,0,0
face_2242.jpg,0,0
face_2108.jpg,0,0
face_1907.jpg,0,0
face_2437.jpg,0,0
face_1653.jpg,0,0
face_1524.jpg,0,0
face_1217.jpg,0,0
face_2425.jpg,0,0
face_803.jpg,0,0
face_1260.jpg,0,0
face_2104.jpg,0,0
face_447.jpg,0,0
face_1928.jpg,0,0
face_1911.jpg,0,0
face_1066.jpg,0,0
face_1278.jpg,0,0
face_56.jpg,0,0
face_2018.jpg,0,0
face_1904.jpg,0,0
face_2549.jpg,0,0
face_724.jpg,0,0
face_2413.jpg,0,0
face_102.jpg,0,0
face_1233.jpg,0,0
face_542.jpg,0,0
face_1408.jpg,0,0
face_2777.jpg,0,0
face_41.jpg,0,0
face_2555.jpg,0,0
face_2066.jpg,0,0
face_1467.jpg,0,0
face_2175.jpg,0,0
face_1973.jpg,0,0
face_824.jpg,0,0
face_2633.jpg,0,0
face_748.jpg,0,0
face_10.jpg,0,0
face_2329.jpg,0,0
face_47.jpg,0,0
face_2695.jpg,0,0
face_715.jpg,0,0
face_406.jpg,0,0
face_600.jpg,0,0
face_2661.jpg,0,0
face_1059.jpg,0,0
face_2122.jpg,0,0
face_690.jpg,0,0
face_700.jpg,0,0
face_1398.jpg,0,0
face_2254.jpg,0,0
face_912.jpg,0,0
face_873.jpg,0,0
face_2361.jpg,0,0
face_397.jpg,0,0
face_304.jpg,0,0
face_220.jpg,0,0
face_1155.jpg,0,0
face_2615.jpg,0,0
face_1255.jpg,0,0
face_1099.jpg,0,0
face_2123.jpg,0,0
face_2128.jpg,0,0
face_2040.jpg,0,0
face_1683.jpg,0,0
face_616.jpg,0,0
face_1920.jpg,0,0
face_1605.jpg,0,0
face_899.jpg,0,0
face_463.jpg,0,0
face_1660.jpg,0,0
face_1687.jpg,0,0
face_79.jpg,0,0
face_2613.jpg,0,0
face_1322.jpg,0,0
face_2022.jpg,0,0
face_499.jpg,0,0
face_1306.jpg,0,0
face_400.jpg,0,0
face_1123.jpg,0,0
face_1566.jpg,0,0
face_174.jpg,0,0
face_1444.jpg,0,0
face_1083.jpg,0,0
face_1013.jpg,0,0
face_641.jpg,0,0
face_1201.jpg,0,0
face_907.jpg,0,0
face_789.jpg,0,0
face_689.jpg,0,0
face_2746.jpg,0,0
face_2569.jpg,0,0
face_952.jpg,0,0
face_2438.jpg,0,0
face_887.jpg,0,0
face_1196.jpg,0,0
face_2287.jpg,0,0
face_1784.jpg,0,0
face_1433.jpg,0,0
face_1514.jpg,0,0
face_2657.jpg,0,0
face_422.jpg,0,0
face_2280.jpg,0,0
face_835.jpg,0,0
face_171.jpg,0,0
face_2432.jpg,0,0
face_484.jpg,0,0
face_525.jpg,0,0
face_592.jpg,0,0
face_398.jpg,0,0
face_1314.jpg,0,0
face_1567.jpg,0,0
face_1189.jpg,0,0
face_546.jpg,0,0
face_1330.jpg,0,0
face_1295.jpg,0,0
face_2235.jpg,0,0
face_1352.jpg,0,0
face_2485.jpg,0,0
face_551.jpg,0,0
face_1617.jpg,0,0
face_58.jpg,0,0
face_1564.jpg,0,0
face_914.jpg,0,0
face_435.jpg,0,0
face_1050.jpg,0,0
face_157.jpg,0,0
face_1790.jpg,0,0
face_286.jpg,0,0
face_477.jpg,0,0
face_2255.jpg,0,0
face_264.jpg,0,0
face_1696.jpg,0,0
face_126.jpg,0,0
face_527.jpg,0,0
face_2262.jpg,0,0
face_2494.jpg,0,0
face_1302.jpg,0,0
face_1150.jpg,0,0
face_1937.jpg,0,0
face_734.jpg,0,0
face_2300.jpg,0,0
face_62.jpg,0,0
face_2244.jpg,0,0
face_625.jpg,0,0
face_423.jpg,0,0
face_2515.jpg,0,0
face_1418.jpg,0,0
face_1498.jpg,0,0
face_1361.jpg,0,0
face_737.jpg,0,0
face_1265.jpg,0,0
face_1007.jpg,0,0
face_2594.jpg,0,0
face_1701.jpg,0,0
face_2773.jpg,0,0
face_1103.jpg,0,0
face_462.jpg,0,0
face_425.jpg,0,0
face_644.jpg,0,0
face_770.jpg,0,0
face_854.jpg,0,0
face_2435.jpg,0,0
face_312.jpg,0,0
face_1116.jpg,0,0
face_2561.jpg,0,0
face_1106.jpg,0,0
face_2004.jpg,0,0
face_1381.jpg,0,0
face_288.jpg,0,0
face_1877.jpg,0,0
face_1204.jpg,0,0
face_2061.jpg,0,0
face_958.jpg,0,0
face_501.jpg,0,0
face_1650.jpg,0,0
face_2544.jpg,0,0
face_759.jpg,0,0
face_957.jpg,0,0
face_1347.jpg,0,0
face_2729.jpg,0,0
face_2341.jpg,0,0
face_1173.jpg,0,0
face_2336.jpg,0,0
face_1191.jpg,0,0
face_1043.jpg,0,0
face_1084.jpg,0,0
face_2620.jpg,0,0
face_617.jpg,0,0
face_2031.jpg,0,0
face_1304.jpg,0,0
face_1034.jpg,0,0
face_799.jpg,0,0
face_1559.jpg,0,0
face_2276.jpg,0,0
face_2557.jpg,0,0
face_2024.jpg,0,0
face_820.jpg,0,0
face_2533.jpg,0,0
face_1508.jpg,0,0
face_2008.jpg,0,0
face_2697.jpg,0,0
face_778.jpg,0,0
face_880.jpg,0,0
face_935.jpg,0,0
face_951.jpg,0,0
face_2325.jpg,0,0
face_1620.jpg,0,0
face_1276.jpg,0,0
face_2667.jpg,0,0
face_1768.jpg,0,0
face_664.jpg,0,0
face_2268.jpg,0,0
face_1388.jpg,0,0
face_2456.jpg,0,0
face_2531.jpg,0,0
face_18.jpg,0,0
face_1845.jpg,0,0
face_1336.jpg,0,0
face_2709.jpg,0,0
face_25.jpg,0,0
face_83.jpg,0,0
face_2027.jpg,0,0
face_657.jpg,0,0
face_804.jpg,0,0
face_531.jpg,0,0
face_530.jpg,0,0
face_2674.jpg,0,0
face_2541.jpg,0,0
face_218.jpg,0,0
face_2387.jpg,0,0
face_135.jpg,0,0
face_156.jpg,0,0
face_2772.jpg,0,0
face_856.jpg,0,0
face_1908.jpg,0,0
face_1382.jpg,0,0
face_53.jpg,0,0
face_2612.jpg,0,0
face_358.jpg,0,0
face_1772.jpg,0,0
face_347.jpg,0,0
face_272.jpg,0,0
face_2168.jpg,0,0
face_1427.jpg,0,0
face_1355.jpg,0,0
face_1592.jpg,0,0
face_2720.jpg,0,0
face_245.jpg,0,0
face_1146.jpg,0,0
face_2157.jpg,0,0
face_1888.jpg,0,0
face_2573.jpg,0,0
face_2306.jpg,0,0
face_55.jpg,0,0
face_1438.jpg,0,0
face_1024.jpg,0,0
face_204.jpg,0,0
face_2344.jpg,0,0
face_221.jpg,0,0
face_2371.jpg,0,0
face_982.jpg,0,0
face_2339.jpg,0,0
face_2272.jpg,0,0
face_2389.jpg,0,0
face_1799.jpg,0,0
face_637.jpg,0,0
face_788.jpg,0,0
face_2567.jpg,0,0